Date,Open,High,Low,Close,Volume
10/21/2020,78.67,80.94,78.58,79.67,"51,366,900"
10/22/2020,79.65,81.1,79.25,80.77,"28,680,840"
10/23/2020,81.3,82.12,81.03,82.05,"27,516,880"
10/26/2020,81.25,81.91,78.83,79.52,"37,065,080"
10/27/2020,79.78,80.34,79.14,80.21,"24,580,040"
10/28/2020,77.99,78.07,75.73,75.83,"36,679,180"
10/29/2020,76.12,79.69,76.11,78.36,"40,061,280"
10/30/2020,83.61,84.35,80.22,81.05,"86,617,240"
11/2/2020,81.41,83.04,80.8,81.3,"50,708,920"
11/3/2020,81.59,83.09,80.83,82.51,"33,233,060"
11/4/2020,85.51,88.57,85.3,87.46,"71,418,540"
11/5/2020,89.05,89.68,87.53,88.17,"41,316,240"
11/6/2020,87.7,88.62,87.02,88.09,"33,224,500"
11/9/2020,89.55,90.9,88,88.15,"45,365,400"
11/10/2020,86.55,88.15,85.87,87.02,"52,722,840"
11/11/2020,87.5,88.21,87.37,87.64,"25,279,320"
11/12/2020,87.38,88.41,87.28,87.49,"24,975,080"
11/13/2020,87.88,89.05,87.23,88.85,"30,011,480"
11/16/2020,88.59,89.95,88.38,89.07,"24,935,700"
11/17/2020,88.85,89.25,88.35,88.51,"22,942,280"
11/18/2020,88.26,88.67,87.31,87.34,"23,469,320"
11/19/2020,86.92,88.48,86.85,88.2,"24,998,200"
11/20/2020,88.26,88.7,87.09,87.11,"46,273,100"
11/23/2020,87.48,87.7,85.89,86.74,"43,239,500"
11/24/2020,86.53,88.58,86.38,88.44,"31,594,060"
11/25/2020,88.64,88.93,87.83,88.57,"20,922,440"
11/27/2020,88.65,90.2,88.62,89.66,"17,698,320"
11/30/2020,89.06,89.4,87.75,88.04,"36,476,720"
12/1/2020,88.72,91.24,88.47,89.91,"34,780,900"
12/2/2020,89.91,91.78,89.47,91.4,"24,440,640"
12/3/2020,91.2,92.36,91.13,91.34,"24,545,960"
12/4/2020,91.23,91.66,90.85,91.4,"27,563,320"
12/7/2020,90.95,91.62,90.29,90.97,"26,418,920"
12/8/2020,90.51,91.1,89.81,90.93,"21,926,380"
12/9/2020,90.6,91.71,88.39,89.21,"30,151,160"
12/10/2020,88.49,89.07,87.02,88.77,"27,256,960"
12/11/2020,88.15,89.22,88,89.09,"24,413,020"
12/14/2020,88.75,89.87,87.86,88,"32,003,460"
12/15/2020,88.22,88.57,87.5,88.39,"29,645,220"
12/16/2020,88.64,88.65,87.8,88.15,"30,270,860"
12/17/2020,88.43,88.59,86.93,87.4,"32,494,880"
12/18/2020,87.71,87.76,86.01,86.55,"80,327,060"
12/21/2020,85.68,87.04,84.95,86.97,"36,567,560"
12/22/2020,86.72,86.87,85.63,86.18,"18,766,920"
12/23/2020,86.41,87.4,86.25,86.62,"20,678,340"
12/24/2020,86.75,87.3,86.46,86.94,"6,935,060"
12/28/2020,87.58,89.54,87.32,88.8,"27,860,660"
12/29/2020,89.39,89.62,87.8,87.94,"25,987,900"
12/30/2020,88.1,88.25,86.28,86.98,"26,122,600"
12/31/2020,86.77,87.95,86.77,87.59,"20,244,800"
1/4/2021,87.88,88.03,85.39,86.41,"38,037,100"
1/5/2021,86.25,87.38,85.9,87.05,"22,906,940"
1/6/2021,85.13,87.4,84.95,86.76,"52,042,280"
1/7/2021,87,89.42,86.85,89.36,"45,300,440"
1/8/2021,89.4,90.49,88.68,90.36,"41,020,040"
1/11/2021,89.3,89.72,88.03,88.34,"24,194,700"
1/12/2021,87.7,88.9,86.27,87.33,"27,153,820"
1/13/2021,86.93,88.25,86.9,87.72,"21,882,620"
1/14/2021,87.68,88.75,86.67,87.01,"23,589,540"
1/15/2021,86.91,87.8,86.08,86.81,"26,843,400"
1/19/2021,87.61,90.46,87.07,89.54,"34,692,280"
1/20/2021,91.57,95.19,91.28,94.35,"49,805,160"
1/21/2021,94.9,96.74,94.36,94.56,"41,278,640"
1/22/2021,94.78,95.55,94.09,95.05,"25,444,640"
1/25/2021,96.03,96.48,93.38,94.97,"38,546,400"
1/26/2021,94.44,96.25,94.21,95.86,"26,262,780"
1/27/2021,94.13,94.5,90.45,91.54,"54,965,840"
1/28/2021,92.2,94.94,92.13,93.16,"35,462,760"
1/29/2021,92.31,92.86,90.51,91.79,"32,251,040"
2/1/2021,92.68,96.12,92.55,95.07,"32,043,640"
2/2/2021,96.13,97.79,95.72,96.38,"45,474,460"
2/3/2021,103.65,105.83,100.92,103.5,"82,363,400"
2/4/2021,103.44,103.93,102.13,103.12,"37,046,580"
2/5/2021,103.5,105.13,102.97,104.9,"30,702,700"
2/8/2021,105.3,106.18,103.6,104.65,"24,848,220"
2/9/2021,103.93,105.26,103.93,104.18,"17,797,000"
2/10/2021,104.71,105.42,103.15,104.77,"22,709,280"
2/11/2021,104.98,105.1,103.87,104.79,"18,913,000"
2/12/2021,104.51,105.44,104.16,105.21,"17,117,300"
2/16/2021,105.22,107.63,105.22,106.1,"22,676,760"
2/17/2021,105,106.68,104.95,106.42,"21,418,820"
2/18/2021,105.52,106.64,105.19,105.86,"22,437,100"
2/19/2021,105.96,106.53,104.87,105.06,"29,152,240"
2/22/2021,103.35,104.57,103.11,103.24,"27,350,660"
2/23/2021,101.25,104.1,100.1,103.54,"33,347,540"
2/24/2021,102.09,105.04,101.91,104.76,"24,966,980"
2/25/2021,103.37,104.74,101.06,101.57,"36,568,640"
2/26/2021,102.53,103.55,100.8,101.84,"41,676,020"
3/1/2021,102.83,104.33,102.31,104.08,"28,102,300"
3/2/2021,103.81,105.22,103.56,103.79,"22,691,900"
3/3/2021,103.36,104.43,100.5,101.34,"29,683,620"
3/4/2021,101.17,104.46,101.01,102.45,"42,360,120"
3/5/2021,103.66,105.91,102.32,105.43,"43,904,360"
3/8/2021,105.06,106.44,101.08,101.21,"32,948,580"
3/9/2021,103.5,103.9,102.39,102.64,"33,946,120"
3/10/2021,103.59,103.75,101.67,102.75,"25,371,840"
3/11/2021,103.7,106.29,103.62,105.74,"24,781,600"
3/12/2021,104.25,104.51,102.38,103.1,"34,515,880"
3/15/2021,103.12,103.35,102.18,103.32,"25,966,500"
3/16/2021,103.95,106.18,103.5,104.63,"29,831,280"
3/17/2021,103.8,105.49,102.7,104.55,"25,980,320"
3/18/2021,103.05,103.78,101.68,101.81,"27,248,600"
3/19/2021,102.1,102.66,100.88,102.16,"46,297,860"
3/22/2021,102.09,102.9,101.3,101.93,"39,096,320"
3/23/2021,102.59,103.62,101.96,102.65,"27,339,940"
3/24/2021,103.27,103.91,102.08,102.25,"23,080,580"
3/25/2021,102.24,102.94,100.54,102.22,"28,378,140"
3/26/2021,101.94,102.55,100.7,101.78,"29,876,000"
3/29/2021,101.39,102.92,100.78,102.8,"24,595,540"
3/30/2021,102.88,103.54,102.2,102.78,"20,735,480"
3/31/2021,102.96,104.67,102.84,103.43,"29,198,600"
4/1/2021,104.9,107.15,104.84,106.89,"33,979,560"
4/5/2021,107.65,111.87,107.58,111.28,"43,297,500"
4/6/2021,111.13,111.88,110.74,111.24,"27,060,720"
4/7/2021,111.31,112.75,111.27,112.48,"25,797,220"
4/8/2021,113.9,114.2,112.88,113.27,"27,165,180"
4/9/2021,112.84,114.45,112.69,114.29,"20,887,300"
4/12/2021,113.31,113.77,111.92,112.74,"31,317,020"
4/13/2021,113.07,113.86,112.8,113.36,"23,316,080"
4/14/2021,113.76,113.9,112.46,112.74,"20,219,340"
4/15/2021,113.85,115.33,113.3,114.83,"27,472,240"
4/16/2021,115.15,115.32,114.22,114.89,"22,601,800"
4/19/2021,114.6,115.92,114.39,115.12,"24,688,900"
4/20/2021,115.39,115.48,113.59,114.68,"21,774,980"
4/21/2021,114.26,114.77,112.93,114.66,"23,934,620"
4/22/2021,114.66,115.19,112.82,113.4,"21,096,160"
4/23/2021,114.17,116.29,113.91,115.77,"28,703,240"
4/26/2021,116,117.06,115.69,116.34,"20,833,000"
4/27/2021,116.8,116.87,115.21,115.36,"31,971,660"
4/28/2021,120.36,122.62,118.74,119,"59,728,780"
4/29/2021,120.52,121.83,120.11,121.49,"39,553,540"
4/30/2021,120.22,121.36,120.11,120.51,"39,142,600"
5/3/2021,120.14,120.99,119.23,119.76,"33,787,780"
5/4/2021,118.49,118.96,115.59,117.71,"35,120,300"
5/5/2021,118.42,119.11,117.57,117.84,"21,805,500"
5/6/2021,117.53,119.14,117.12,119.07,"20,617,180"
5/7/2021,120,120.82,119.5,119.93,"23,277,840"
5/10/2021,118.74,118.9,116.74,117.08,"26,005,420"
5/11/2021,114.59,116.1,114.15,115.44,"32,110,960"
5/12/2021,113.09,114.27,111.5,111.95,"34,933,280"
5/13/2021,113.05,113.83,112.14,113.1,"26,670,160"
5/14/2021,114.59,116.06,114.17,115.81,"26,624,960"
5/17/2021,115.47,116.17,114.75,116.07,"19,835,840"
5/18/2021,116.85,117.16,115.16,115.17,"17,302,380"
5/19/2021,113.22,115.84,113.18,115.44,"19,350,880"
5/20/2021,116.4,118.02,116.05,117.8,"23,831,860"
5/21/2021,118.3,118.45,117.12,117.26,"22,832,640"
5/24/2021,118.35,120.92,118.01,120.33,"21,243,780"
5/25/2021,121,121.64,120.15,120.45,"18,838,560"
5/26/2021,120.64,122.15,120.63,121.68,"21,856,380"
5/27/2021,121.85,122,120.1,120.13,"38,962,260"
5/28/2021,121.1,121.41,120.38,120.58,"24,107,640"
6/1/2021,121.1,121.9,120.24,121.49,"19,165,780"
6/2/2021,121.77,122.1,120.21,121.06,"17,162,100"
6/3/2021,119.75,120.49,119.14,120.23,"18,345,820"
6/4/2021,121.13,122.69,120.89,122.59,"25,948,680"
6/7/2021,122.57,123.4,122.05,123.3,"23,849,060"
6/8/2021,124,124.72,123.41,124.14,"25,065,060"
6/9/2021,124.98,125.25,124.37,124.57,"20,126,740"
6/10/2021,124.7,126.16,124.7,126.08,"31,234,660"
6/11/2021,126.25,126.35,124.91,125.7,"25,246,180"
6/14/2021,125.67,126.41,125.05,126.35,"22,550,440"
6/15/2021,126.52,126.86,125.65,126.03,"22,182,600"
6/16/2021,126.25,126.52,124.15,125.7,"26,316,760"
6/17/2021,125.52,127.2,125.52,126.37,"25,755,820"
6/18/2021,125.71,126.39,124.6,125.57,"53,306,200"
6/21/2021,125.74,127.04,125.13,126.46,"26,256,520"
6/22/2021,126.45,127.27,126.03,127,"20,986,200"
6/23/2021,126.55,127.8,126.25,126.46,"19,693,160"
6/24/2021,127.05,127.54,126.96,127.28,"18,933,240"
6/25/2021,126.96,127.51,126.44,127,"33,485,940"
6/28/2021,127,127.34,125.97,126.82,"28,110,860"
6/29/2021,126.77,127,125.44,126.02,"20,949,560"
6/30/2021,125.65,125.8,124.76,125.32,"24,009,560"
7/1/2021,124.85,126.46,124.85,126.37,"17,124,600"
7/2/2021,126.84,128.85,126.77,128.72,"21,165,120"
7/6/2021,129.45,129.88,128.41,129.77,"21,350,340"
7/7/2021,130.34,130.64,129.76,130.08,"16,683,720"
7/8/2021,128.25,130.03,128.04,129.18,"19,779,500"
7/9/2021,128.94,129.85,128.94,129.57,"15,109,320"
7/12/2021,129.83,130.77,129.6,130.56,"16,950,920"
7/13/2021,130.88,132.04,130.64,130.99,"16,617,960"
7/14/2021,131.9,133,131.9,132.08,"17,918,540"
7/15/2021,132.5,132.6,130.6,131.27,"16,586,320"
7/16/2021,131.64,132.18,130.82,131.85,"14,861,180"
7/19/2021,131.16,131.25,128.54,129.25,"25,709,320"
7/20/2021,130,132,129.19,131.1,"19,083,120"
7/21/2021,130.79,132.62,130.6,132.6,"14,741,640"
7/22/2021,132.65,133.5,132.4,133.33,"13,608,140"
7/23/2021,135.26,138.81,134.7,137.82,"26,377,740"
7/26/2021,138.25,139.71,137.65,139.64,"23,052,460"
7/27/2021,140.01,140.01,135.1,136.8,"42,163,060"
7/28/2021,138.56,139.68,136.35,136.38,"54,688,340"
7/29/2021,136.38,137.15,136.14,136.54,"19,283,340"
7/30/2021,135.51,135.77,134.81,135.22,"23,954,500"
8/2/2021,135.48,136.02,134.67,135.99,"20,140,040"
8/3/2021,136,136.34,134.18,136.28,"19,064,000"
8/4/2021,136.25,136.54,135.42,136.03,"16,527,140"
8/5/2021,136.03,136.95,135.6,136.94,"11,871,780"
8/6/2021,136.3,137.08,136.05,137.04,"13,565,020"
8/9/2021,136.95,138.32,136.43,138,"12,379,560"
8/10/2021,138.08,138.55,137.23,138.1,"16,039,080"
8/11/2021,138.28,138.85,137.35,137.69,"15,209,660"
8/12/2021,137.71,138.42,136.78,138.39,"14,649,400"
8/13/2021,138.36,138.67,138.01,138.41,"12,580,580"
8/16/2021,138,138.99,136.17,138.92,"18,050,840"
8/17/2021,138.19,138.72,136.79,137.3,"21,274,020"
8/18/2021,137.12,138.29,136.42,136.57,"14,934,460"
8/19/2021,135.47,137.45,135.36,136.91,"18,295,920"
8/20/2021,137.08,138.61,136.47,138.44,"15,566,740"
8/23/2021,139,142.18,138.75,141.1,"21,089,680"
8/24/2021,141.54,143.01,141.35,142.4,"15,126,260"
8/25/2021,142.88,143.31,142.44,142.95,"12,843,060"
8/26/2021,142.62,143.13,142.09,142.12,"14,922,000"
8/27/2021,142.11,145.01,142.02,144.55,"24,568,240"
8/30/2021,144.7,146.49,144.6,145.47,"16,915,900"
8/31/2021,145.88,146.11,145,145.46,"26,756,420"
9/1/2021,145.65,146.82,145.61,145.84,"15,824,680"
9/2/2021,145.95,146.33,144.11,144.22,"21,855,800"
9/3/2021,144.15,145.38,143.51,144.78,"19,110,480"
9/7/2021,144.75,145.82,144.54,145.52,"15,172,600"
9/8/2021,145.39,145.55,144.2,144.88,"15,491,660"
9/9/2021,144.88,145.67,144.43,144.91,"14,798,560"
9/10/2021,145.44,146.02,141.74,141.92,"32,896,620"
9/13/2021,143.2,144.19,142.28,143.47,"20,175,620"
9/14/2021,144.16,144.73,142.91,143.41,"18,919,140"
9/15/2021,143.76,145.58,142.26,145.21,"20,653,420"
9/16/2021,145.12,145.2,143.42,144.37,"20,298,840"
9/17/2021,143.8,144.25,141.06,141.46,"60,039,820"
9/20/2021,139,139.36,137.05,139.02,"34,917,720"
9/21/2021,140.12,140.81,138.91,139.65,"18,129,380"
9/22/2021,140.05,141.58,139.47,140.94,"22,067,800"
9/23/2021,141.61,142.25,141.1,141.83,"17,276,100"
9/24/2021,140.95,142.9,140.85,142.63,"14,949,340"
9/27/2021,141.59,142.5,140.5,141.5,"18,844,080"
9/28/2021,139.09,139.61,135.7,136.18,"42,189,660"
9/29/2021,137.11,137.4,134.25,134.52,"26,337,220"
9/30/2021,134.33,135.59,133,133.27,"35,363,980"
10/1/2021,133.55,137.07,133.38,136.46,"28,387,300"
10/4/2021,135.7,135.7,131.17,133.77,"31,529,900"
10/5/2021,134,137.36,134,136.18,"24,126,740"
10/6/2021,134.63,137.85,134.49,137.35,"19,764,320"
10/7/2021,138.86,140.15,138.56,139.19,"18,250,460"
10/8/2021,139.91,140.32,139.43,140.06,"18,928,420"
10/11/2021,139.8,140.76,138.81,138.85,"16,584,760"
10/12/2021,139.64,139.7,136.25,136.71,"22,535,020"
10/13/2021,137.75,138.55,136.98,137.9,"16,393,280"
10/14/2021,139.95,141.65,139.34,141.41,"21,437,560"
10/15/2021,142.2,142.2,141.06,141.68,"21,253,360"
10/18/2021,141.21,143,141.21,142.96,"16,567,200"
10/19/2021,143.29,144.11,143.1,143.82,"15,315,840"
10/20/2021,144.22,144.25,141.91,142.42,"17,939,500"
10/21/2021,142.19,142.85,141.64,142.78,"14,849,920"
10/22/2021,140.35,141.56,137.17,138.63,"30,182,640"
10/25/2021,138.81,139.21,136.75,138.77,"21,081,700"
10/26/2021,140.61,140.84,139.01,139.67,"28,258,740"
10/27/2021,139.9,149.12,139.9,146.43,"51,850,920"
10/28/2021,147.3,147.42,144.76,146.13,"32,418,060"
10/29/2021,145.52,148.61,145.17,148.27,"28,954,500"
11/1/2021,148.17,148.4,143.58,143.77,"32,272,100"
11/2/2021,144.81,146.92,144.64,145.86,"21,150,580"
11/3/2021,146.28,146.91,145.05,146.79,"17,886,600"
11/4/2021,147.2,149.95,146.64,148.68,"24,700,800"
11/5/2021,149.35,150.57,148.65,149.24,"20,408,140"
11/8/2021,150,151.03,149.12,149.35,"18,388,140"
11/9/2021,149.75,150.38,147.51,149.25,"16,875,560"
11/10/2021,148.01,148.7,145.33,146.63,"22,708,320"
11/11/2021,147.11,148.5,146.69,146.75,"12,463,100"
11/12/2021,147.83,149.86,146.45,149.65,"17,047,660"
11/15/2021,150,150.48,148.65,149.39,"16,247,340"
11/16/2021,149.17,149.83,148.35,149.08,"17,254,860"
11/17/2021,149.23,149.63,148.56,149.06,"15,290,820"
11/18/2021,149.15,151.61,149,150.71,"26,682,400"
11/19/2021,151,151.85,149.89,149.95,"19,782,960"
11/22/2021,150.14,150.74,147.01,147.08,"24,627,700"
11/23/2021,147.11,147.69,144.89,146.76,"18,133,140"
11/24/2021,146.35,147,145.2,146.72,"16,464,060"
11/26/2021,145.02,145.3,142.49,142.81,"16,992,120"
11/29/2021,144.3,146.86,144.3,146.11,"26,276,120"
11/30/2021,145.45,146.63,142.07,142.45,"41,590,520"
12/1/2021,144.21,146.5,141.5,141.62,"28,545,780"
12/2/2021,141.82,144.68,140.98,143.78,"21,250,700"
12/3/2021,144.5,145.21,141.15,142.52,"26,687,480"
12/6/2021,143.57,144.35,140.65,143.8,"22,197,700"
12/7/2021,145.95,148.3,145.7,148.04,"23,258,280"
12/8/2021,148.33,149.16,147.2,148.72,"18,963,940"
12/9/2021,148.18,149.61,147.53,148.11,"18,580,600"
12/10/2021,149.1,149.4,147.36,148.68,"21,638,460"
12/13/2021,148.44,148.56,146.36,146.7,"24,103,920"
12/14/2021,144.77,145.44,142.24,144.97,"24,778,800"
12/15/2021,144.37,147.52,142.71,147.37,"27,280,960"
12/16/2021,148.08,148.55,144.09,144.84,"27,399,740"
12/17/2021,142.71,144.46,141.79,142.8,"43,404,700"
12/20/2021,140.68,142.61,140.25,142.4,"20,263,520"
12/21/2021,143.15,144.69,141.74,144.22,"19,551,940"
12/22/2021,144.1,147.3,143.96,146.95,"18,440,480"
12/23/2021,147.09,148.57,146.95,147.14,"13,818,680"
12/27/2021,147.46,148.43,147.25,148.06,"13,259,320"
12/28/2021,148.37,148.37,145.94,146.45,"18,635,840"
12/29/2021,146.43,147.18,145.5,146.5,"17,024,720"
12/30/2021,146.45,147.06,145.76,146,"12,977,020"
12/31/2021,145.54,146.37,144.68,144.68,"17,297,700"
1/3/2022,144.48,145.55,143.5,145.07,"25,224,500"
1/4/2022,145.55,146.61,143.82,144.42,"22,927,780"
1/5/2022,144.18,144.3,137.52,137.65,"49,641,520"
1/6/2022,137.5,139.69,136.76,137.55,"29,049,040"
1/7/2022,137.91,138.25,135.79,137,"19,408,240"
1/10/2022,135.1,138.64,133.14,138.57,"34,095,680"
1/11/2022,138.18,140.33,136.81,140.02,"23,501,240"
1/12/2022,141.55,142.81,141.11,141.65,"23,641,580"
1/13/2022,141.84,143.19,138.91,139.13,"26,565,080"
1/14/2022,137.5,141.2,137.5,139.79,"23,825,920"
1/18/2022,136.6,137.39,135.62,136.29,"27,401,960"
1/19/2022,136.94,138.4,135.5,135.65,"20,795,280"
1/20/2022,136.51,137.91,133.14,133.51,"21,930,560"
1/21/2022,133.01,134.76,130,130.09,"41,919,220"
1/24/2022,126.03,130.78,124.64,130.37,"55,292,040"
1/25/2022,128.44,129.34,126.38,126.74,"36,008,600"
1/26/2022,130.59,132.81,127.15,129.24,"39,630,880"
1/27/2022,131.36,132.61,128.95,129.12,"30,285,020"
1/28/2022,130,133.37,128.69,133.29,"30,517,560"
1/31/2022,134.2,135.84,132.27,135.7,"34,055,560"
2/1/2022,137.84,138.2,134.57,137.88,"51,203,200"
2/2/2022,151.86,152.1,145.56,148.04,"89,750,760"
2/3/2022,145.3,149.12,142.21,142.65,"56,930,140"
2/4/2022,143.02,144.54,139.82,143.02,"49,224,400"
2/7/2022,143.71,143.85,138.7,138.94,"44,610,740"
2/8/2022,138.99,139.84,136.87,139.21,"34,255,040"
2/9/2022,140.85,142.18,140.38,141.45,"28,627,160"
2/10/2022,139.5,141.43,138.05,138.6,"33,017,700"
2/11/2022,138.75,139.28,133.29,134.13,"38,808,800"
2/14/2022,133.37,136.17,133.3,135.3,"26,792,800"
2/15/2022,137.47,137.9,135.54,136.43,"26,577,560"
2/16/2022,136.43,137.95,134.82,137.49,"25,609,660"
2/17/2022,136.15,136.84,132.2,132.31,"30,968,120"
2/18/2022,133.04,133.82,130.31,130.47,"31,858,600"
2/22/2022,129.99,131.9,127.74,129.4,"38,906,580"
2/23/2022,131.08,131.75,127.5,127.59,"26,431,280"
2/24/2022,125,133.04,124.76,132.67,"43,165,080"
2/25/2022,133.53,135.39,131.77,134.52,"26,235,860"
2/28/2022,133.28,135.64,132.83,134.89,"29,675,680"
3/1/2022,134.48,136.11,133.38,134.17,"24,639,920"
3/2/2022,134.61,135.62,133.43,134.75,"23,966,740"
3/3/2022,135.98,136.71,133.43,134.31,"19,779,300"
3/4/2022,133.38,134.2,130.41,132.12,"24,472,240"
3/7/2022,131.9,131.9,126.41,126.46,"39,177,900"
3/8/2022,126.25,131.25,125.86,127.28,"35,249,560"
3/9/2022,131.4,134.2,130.09,133.87,"32,257,440"
3/10/2022,131.46,133.54,131.4,132.68,"24,265,200"
3/11/2022,134,134.2,130.3,130.48,"26,599,800"
3/14/2022,130.57,131.03,126.41,126.74,"30,253,860"
3/15/2022,127.74,130.52,126.57,129.66,"30,292,600"
3/16/2022,131,133.77,129.2,133.69,"32,058,200"
3/17/2022,133.32,134.74,132.72,134.6,"23,994,380"
3/18/2022,133.88,136.91,132.93,136.8,"45,899,700"
3/21/2022,136.85,137.58,134.61,136.48,"26,632,460"
3/22/2022,136.5,141.5,136.5,140.28,"29,776,860"
3/23/2022,139.14,140.03,138.17,138.5,"25,302,320"
3/24/2022,139.27,141.4,138.04,141.31,"20,544,720"
3/25/2022,141.75,141.96,139.7,141.52,"19,289,080"
3/28/2022,140.68,141.98,139.83,141.95,"23,773,080"
3/29/2022,143.16,144.16,142.48,143.25,"28,678,420"
3/30/2022,142.87,143.48,142.17,142.64,"21,046,380"
3/31/2022,142.45,142.64,139.62,139.65,"29,516,320"
4/1/2022,140.01,140.95,138.8,140.7,"23,480,020"
4/4/2022,140.82,144.04,140.82,143.64,"19,084,900"
4/5/2022,143.4,143.59,140.94,141.06,"19,255,560"
4/6/2022,139.16,139.85,136.42,137.18,"23,574,600"
4/7/2022,136.62,137.7,134.86,136.47,"19,448,540"
4/8/2022,136.25,136.25,133.75,134.01,"16,434,480"
4/11/2022,132.9,132.94,129.62,129.8,"24,187,340"
4/12/2022,132.42,132.42,127.58,128.37,"23,003,220"
4/13/2022,128.63,130.66,128.44,130.29,"19,542,960"
4/14/2022,130.65,130.71,127.11,127.25,"23,483,360"
4/18/2022,127.41,128.71,126.58,127.96,"14,917,200"
4/19/2022,128.08,130.9,127.45,130.53,"22,719,300"
4/20/2022,131.28,131.92,127.89,128.25,"22,609,380"
4/21/2022,129.35,130.31,124.65,124.94,"30,157,540"
4/22/2022,125,125.45,119.14,119.61,"46,410,300"
4/25/2022,119.43,123.28,118.77,123.25,"34,521,800"
4/26/2022,122.75,122.75,119.16,119.51,"49,393,040"
4/27/2022,114.37,117.5,113.12,115.02,"62,238,120"
4/28/2022,117.12,120.44,115.14,119.41,"36,790,940"
4/29/2022,117.58,118.96,114.69,114.97,"33,693,100"
5/2/2022,113.91,117.34,113.4,117.16,"30,279,640"
5/3/2022,116.77,119.3,116.63,118.13,"21,215,740"
5/4/2022,118,123.14,115.74,122.58,"33,231,460"
5/5/2022,120.22,121.23,115.18,116.75,"43,089,040"
5/6/2022,115.52,117.5,114.14,115.66,"35,309,480"
5/9/2022,113.3,115.56,112.55,113.08,"34,520,960"
5/10/2022,116.04,116.69,113.38,114.58,"31,157,780"
5/11/2022,113.71,116.67,113.65,113.96,"36,501,640"
5/12/2022,111.94,114.86,110.11,113.16,"41,464,880"
5/13/2022,114.85,118.09,114,116.52,"29,737,560"
5/16/2022,115.38,116.61,114.34,114.79,"23,282,380"
5/17/2022,117.23,117.23,115.34,116.7,"21,576,080"
5/18/2022,115.24,115.7,112.14,112.4,"27,982,760"
5/19/2022,111.84,113.59,110.47,110.75,"29,191,740"
5/20/2022,112.09,112.55,106.37,109.31,"37,586,020"
5/23/2022,110.1,112.01,109.15,111.67,"31,558,220"
5/24/2022,106.38,106.4,102.21,105.93,"60,386,380"
5/25/2022,105.14,106.54,104.21,105.84,"37,899,340"
5/26/2022,106.05,108.96,105.49,108.3,"30,287,480"
5/27/2022,109.79,112.87,109.55,112.8,"29,924,420"
5/31/2022,113.08,116.43,112.57,114.04,"51,301,920"
6/1/2022,114.93,117.4,113.55,114.14,"28,629,280"
6/2/2022,114.19,117.9,113.31,117.75,"27,495,400"
6/3/2022,115.99,116.36,113.67,114.56,"24,952,080"
6/6/2022,116.74,119.4,116.53,117.01,"23,786,720"
6/7/2022,115.65,117.75,115.13,117.23,"26,413,540"
6/8/2022,116.88,118.65,116.7,117.24,"22,544,260"
6/9/2022,116.34,118.35,114.87,114.92,"23,141,600"
6/10/2022,112.78,113.5,110.86,111.43,"31,349,740"
6/13/2022,107.45,109.22,106.59,106.88,"36,756,200"
6/14/2022,106.89,108.46,106.35,107.19,"25,480,940"
6/15/2022,108.9,112.06,108.12,110.39,"33,192,020"
6/16/2022,108.15,109.29,105.79,106.64,"35,313,240"
6/17/2022,106.54,109.25,105.63,107.87,"43,516,660"
6/21/2022,109.7,112.67,109.29,112.02,"39,010,280"
6/22/2022,111.16,113.77,110.72,112.03,"23,921,720"
6/23/2022,112.95,113.2,111.03,112.68,"24,709,720"
6/24/2022,113.6,118.64,113.6,118.54,"39,122,760"
6/27/2022,118.94,119.25,116,116.62,"32,839,300"
6/28/2022,116.35,117.86,112.44,112.57,"28,316,220"
6/29/2022,112.15,113.66,111.55,112.26,"18,627,860"
6/30/2022,110.5,111.33,107.31,109.37,"38,046,040"
7/1/2022,108.34,109.81,107.11,109.08,"31,027,880"
7/5/2022,107.51,114.05,106.25,113.89,"36,429,380"
7/6/2022,114.09,116.35,112.25,115.21,"28,852,680"
7/7/2022,116.01,119.86,115.53,119.31,"32,183,940"
7/8/2022,117.55,120.44,117.51,120.17,"29,082,200"
7/11/2022,118.65,118.79,116.23,116.52,"26,830,460"
7/12/2022,116.84,117.85,114.62,114.85,"24,970,160"
7/13/2022,112.64,115.16,111.82,112.19,"38,958,860"
7/14/2022,110.83,111.99,109.33,111.44,"32,365,540"
7/15/2022,112.96,114,111.82,112.77,"34,330,760"
7/18/2022,113.44,114.8,109.3,109.91,"33,353,988"
7/19/2022,111.73,114.81,110.5,114.62,"30,992,330"
7/20/2022,114.06,116.33,113.26,114.7,"26,780,090"
7/21/2022,115.09,115.21,111.91,115.04,"27,267,850"
7/22/2022,111.81,113.18,107.6,108.36,"44,455,301"
7/25/2022,108.88,110.58,107.01,108.21,"28,289,939"
7/26/2022,107.43,107.74,104.76,105.44,"36,626,633"
7/27/2022,109.6,114.4,108.42,113.6,"41,474,621"
7/28/2022,112.8,114.7,111.85,114.59,"23,303,840"
7/29/2022,113.4,116.9,113.23,116.64,"31,336,180"
8/1/2022,115.53,117.12,114.69,115.48,"22,856,199"
8/2/2022,114.43,117.08,114.26,115.9,"17,911,039"
8/3/2022,116.34,119.42,116.15,118.78,"25,302,820"
8/4/2022,118.3,119.5,117.71,118.87,"15,757,700"
8/5/2022,116.93,118.86,116.71,118.22,"15,615,660"
8/8/2022,119.12,120.86,117.83,118.14,"17,061,109"
8/9/2022,117.99,118.2,116.56,117.5,"15,424,260"
8/10/2022,119.59,121.78,119.36,120.65,"20,497,020"
8/11/2022,122.08,122.34,119.55,119.82,"16,671,631"
8/12/2022,121.16,122.65,120.4,122.65,"16,121,090"
8/15/2022,122.21,123.26,121.57,122.88,"15,524,950"
8/16/2022,122.32,123.23,121.54,122.51,"15,626,170"
8/17/2022,120.93,122.15,120.2,120.32,"17,589,160"
8/18/2022,120.23,121.69,119.55,120.86,"15,652,030"
8/19/2022,119.87,120,117.67,118.12,"20,186,980"
8/22/2022,116.1,116.5,114.67,115.07,"19,316,020"
8/23/2022,114.32,115.93,114.3,114.77,"14,390,690"
8/24/2022,114.45,115.72,113.78,114.7,"16,051,170"
8/25/2022,115.15,117.78,115.05,117.7,"14,874,670"
8/26/2022,115.81,116.6,111.22,111.3,"31,698,670"
8/29/2022,110.78,111.96,109.81,110.34,"20,386,141"
8/30/2022,111.03,111.37,108.8,109.91,"20,548,199"
8/31/2022,111.63,111.77,109.05,109.15,"25,897,980"
9/1/2022,109.2,111.22,108.19,110.55,"22,784,391"
9/2/2022,111.34,111.68,108.13,108.68,"20,618,080"
9/6/2022,108.14,108.88,106.51,107.48,"20,565,051"
9/7/2022,107.76,110.99,107.62,110.48,"22,987,180"
9/8/2022,109.18,110.58,108.06,109.42,"21,660,650"
9/9/2022,110.05,112,110,111.78,"21,745,029"
9/12/2022,111.99,112.64,110.93,111.87,"19,732,910"
9/13/2022,108.89,109.37,105,105.31,"33,014,988"
9/14/2022,105.44,106.1,104.5,105.87,"22,115,811"
9/15/2022,105.01,106.21,103.31,103.9,"26,494,930"
9/16/2022,102.97,104.03,101.86,103.63,"64,540,121"
9/19/2022,102.54,104.02,102.37,103.85,"19,738,600"
9/20/2022,102.88,103.17,101.12,101.83,"24,001,670"
9/21/2022,102.24,103.49,99.99,100.01,"26,596,760"
9/22/2022,99.45,101.68,99.41,100.57,"21,272,680"
9/23/2022,100.06,100.11,98.01,99.17,"25,656,961"
9/26/2022,98.61,100.44,98.38,98.81,"22,437,939"
9/27/2022,99.91,100.46,97.34,98.09,"24,224,990"
9/28/2022,98.02,101.4,97.8,100.74,"24,617,000"
9/29/2022,99.3,99.3,96.52,98.09,"21,921,520"
9/30/2022,97.73,99.49,96.03,96.15,"26,277,830"
10/3/2022,97.22,99.97,97.02,99.3,"24,840,029"
10/4/2022,101.04,102.72,101.04,102.41,"22,580,930"
10/5/2022,100.69,102.74,99.74,102.22,"18,475,520"
10/6/2022,101.5,103.73,101.5,102.24,"17,156,240"
10/7/2022,100.65,101.42,99.21,99.57,"24,249,910"
10/10/2022,99.85,99.99,97.87,98.71,"16,529,900"
10/11/2022,98.25,100.12,97.25,98.05,"21,617,730"
10/12/2022,98.27,99.65,97.67,98.3,"17,343,430"
10/13/2022,95.93,100.53,95.27,99.71,"32,812,219"
10/14/2022,100.63,101.29,97.03,97.18,"22,624,830"
10/17/2022,99.52,101.77,99.51,100.78,"23,311,600"
10/18/2022,103.94,104.22,100.65,101.39,"21,610,539"
10/19/2022,100.7,101.66,99.64,100.29,"21,573,689"
10/20/2022,100.82,103,99.97,100.53,"25,125,080"
10/21/2022,98.46,101.62,98.23,101.48,"28,988,730"
10/24/2022,102.09,103.1,100.3,102.97,"24,680,830"
10/25/2022,103.3,105.1,103.02,104.93,"29,910,170"
10/26/2022,96.76,98.54,94.57,94.82,"71,671,805"
10/27/2022,94.31,95.17,91.9,92.6,"54,036,488"
10/28/2022,92.53,96.86,92.32,96.58,"35,696,930"
10/31/2022,95.78,96.35,94.38,94.66,"29,868,711"
11/1/2022,95.59,96.17,90.43,90.5,"43,220,602"
11/2/2022,90.91,91.3,87.01,87.07,"43,553,551"
11/3/2022,86.35,86.55,83.45,83.49,"48,510,359"
11/4/2022,85.51,86.73,83.88,86.7,"40,173,281"
11/7/2022,87.34,88.94,86.96,88.65,"26,899,881"
11/8/2022,89.16,90.41,87.65,88.91,"30,172,000"
11/9/2022,88.55,89.49,87.36,87.4,"26,743,881"
11/10/2022,92.34,94.55,91.65,94.17,"42,371,219"
11/11/2022,94.71,97.36,94.16,96.73,"30,569,109"
11/14/2022,95.5,97.18,95.11,96.03,"24,170,080"
11/15/2022,98.67,100.42,97.02,98.72,"31,830,971"
11/16/2022,98.02,99.85,97.9,98.99,"24,660,199"
11/17/2022,97.18,99.48,97.1,98.5,"21,818,730"
11/18/2022,99.01,99.16,96.74,97.8,"24,969,881"
11/21/2022,97.56,98.72,95.67,95.83,"18,696,869"
11/22/2022,96.16,97.55,94.41,97.33,"18,868,850"
11/23/2022,97.34,99.07,97.34,98.82,"17,568,859"
11/25/2022,98.47,98.94,97.53,97.6,"8,567,819"
11/28/2022,97.2,97.83,95.89,96.25,"19,981,971"
11/29/2022,96,96.39,94.39,95.44,"20,220,010"
11/30/2022,95.12,101.45,94.67,101.45,"39,888,070"
12/1/2022,101.4,102.59,100.67,101.28,"21,771,539"
12/2/2022,99.37,101.15,99.17,100.83,"18,821,529"
12/5/2022,99.82,101.75,99.36,99.87,"19,955,551"
12/6/2022,99.67,100.21,96.76,97.31,"20,877,619"
12/7/2022,96.77,97.31,95.03,95.15,"26,647,881"
12/8/2022,95.69,95.87,93.8,93.95,"25,593,230"
12/9/2022,93.9,94.49,93.02,93.07,"21,885,311"
12/12/2022,93.09,93.87,91.9,93.56,"27,380,949"
12/13/2022,98.07,99.8,95.38,95.85,"34,788,520"
12/14/2022,95.54,97.22,93.94,95.31,"26,452,939"
12/15/2022,93.54,94.03,90.43,91.2,"28,298,760"
12/16/2022,91.2,91.75,90.01,90.86,"48,485,512"
12/19/2022,90.88,91.2,88.93,89.15,"23,020,539"
12/20/2022,88.73,89.78,88.04,89.63,"21,976,850"
12/21/2022,89.73,90.92,88.91,90.25,"20,336,391"
12/22/2022,88.93,89.18,86.94,88.26,"23,656,070"
12/23/2022,87.62,90.1,87.62,89.81,"17,815,010"
12/27/2022,89.31,89.5,87.54,87.93,"15,470,870"
12/28/2022,87.5,88.52,86.37,86.46,"17,879,570"
12/29/2022,87.03,89.37,86.99,88.95,"18,280,660"
12/30/2022,87.37,88.83,87.03,88.73,"19,190,301"
1/3/2023,89.83,91.55,89.02,89.7,"20,738,461"
1/4/2023,91.01,91.24,87.8,88.71,"27,046,480"
1/5/2023,88.07,88.21,86.56,86.77,"23,136,080"
1/6/2023,87.36,88.47,85.57,88.16,"26,612,631"
1/9/2023,89.2,90.83,88.58,88.8,"22,996,680"
1/10/2023,86.72,89.48,86.7,89.24,"22,855,590"
1/11/2023,90.06,92.45,89.74,92.26,"25,998,840"
1/12/2023,92.4,92.62,90.57,91.91,"22,754,221"
1/13/2023,91.53,92.98,90.93,92.8,"18,630,711"
1/17/2023,92.78,92.97,90.84,92.16,"22,935,820"
1/18/2023,92.94,93.59,91.4,91.78,"19,641,619"
1/19/2023,91.39,94.4,91.38,93.91,"28,707,650"
1/20/2023,95.95,99.42,95.91,99.28,"53,704,762"
1/23/2023,99.13,101.4,98.75,101.21,"31,791,779"
1/24/2023,99.55,101.09,98.7,99.21,"27,391,369"
1/25/2023,97.2,97.72,95.26,96.73,"31,000,850"
1/26/2023,98.28,99.21,96.82,99.16,"24,542,061"
1/27/2023,99.05,101.58,98.97,100.71,"29,020,350"
1/30/2023,98.75,99.41,97.52,97.95,"24,365,141"
1/31/2023,97.86,99.91,97.79,99.87,"22,306,779"
2/1/2023,99.74,102.19,98.42,101.43,"26,392,570"
2/2/2023,106.79,108.82,106.54,108.8,"46,622,633"
2/3/2023,103.51,108.02,103.3,105.22,"36,823,422"
2/6/2023,102.69,104.7,102.21,103.47,"25,573,051"
2/7/2023,103.63,108.67,103.55,108.04,"33,738,832"
2/8/2023,102.69,103.58,98.46,100,"73,546,031"
2/9/2023,100.54,100.61,93.86,95.46,"97,798,570"
2/10/2023,95.74,97.02,94.53,94.86,"49,325,281"
2/13/2023,95.01,95.35,94.05,95,"43,116,559"
2/14/2023,94.66,95.18,92.65,94.95,"42,513,078"
2/15/2023,94.74,97.34,94.36,97.1,"37,029,887"
2/16/2023,95.54,97.88,94.97,95.78,"35,642,113"
2/17/2023,95.07,95.75,93.45,94.59,"31,095,070"
2/21/2023,93.24,93.41,92,92.05,"28,367,199"
2/22/2023,91.93,92.36,90.87,91.8,"29,891,141"
2/23/2023,92.13,92.13,90.01,91.07,"32,423,721"
2/24/2023,89.63,90.13,88.86,89.35,"31,295,619"
2/27/2023,90.09,90.45,89.61,90.1,"22,724,260"
2/28/2023,89.54,91.45,89.52,90.3,"30,546,910"
3/1/2023,90.16,91.2,89.85,90.51,"26,323,881"
3/2/2023,89.86,92.48,89.77,92.31,"23,344,561"
3/3/2023,92.74,94.11,92.66,94.02,"30,242,539"
3/6/2023,94.36,96.3,94.3,95.58,"28,288,211"
3/7/2023,95.42,96.09,93.84,94.17,"24,101,539"
3/8/2023,94.41,96.24,94.41,94.65,"25,395,199"
3/9/2023,94.49,95.92,92.36,92.66,"24,438,891"
3/10/2023,92.5,93.18,90.8,91.01,"32,850,090"
3/13/2023,90.57,93.08,89.94,91.66,"31,508,570"
3/14/2023,93.07,94.83,92.78,94.25,"32,303,881"
3/15/2023,93.54,97.25,93.04,96.55,"38,367,328"
3/16/2023,96.57,101.97,95.87,101.07,"54,588,199"
3/17/2023,100.84,103.49,100.75,102.46,"76,140,312"
3/20/2023,101.06,102.58,100.79,101.93,"26,033,920"
3/21/2023,101.98,105.96,101.86,105.84,"33,122,801"
3/22/2023,105.14,107.51,104.21,104.22,"32,336,881"
3/23/2023,105.89,107.1,105.41,106.26,"31,385,820"
3/24/2023,105.74,106.16,104.74,106.06,"25,245,010"
3/27/2023,105.32,105.4,102.63,103.06,"25,393,420"
3/28/2023,103,103,100.28,101.36,"24,913,480"
3/29/2023,102.72,102.82,101.03,101.9,"26,148,301"
3/30/2023,101.44,101.61,100.29,101.32,"25,009,830"
3/31/2023,101.71,104.19,101.44,104,"28,107,949"
4/3/2023,102.67,104.95,102.38,104.91,"20,719,859"
4/4/2023,104.84,106.1,104.6,105.12,"20,377,230"
4/5/2023,106.12,106.54,104.1,104.95,"21,864,199"
4/6/2023,105.77,109.63,104.82,108.9,"34,684,152"
4/10/2023,107.39,107.97,105.6,106.95,"19,741,520"
4/11/2023,106.92,107.22,105.28,106.12,"18,721,279"
4/12/2023,107.39,107.59,104.97,105.22,"22,761,570"
4/13/2023,106.47,108.27,106.44,108.19,"21,650,750"
4/14/2023,107.69,109.58,107.59,109.46,"20,758,689"
4/17/2023,105.43,106.71,105.32,106.42,"29,043,439"
4/18/2023,107,107.05,104.78,105.12,"17,641,369"
4/19/2023,104.22,105.73,103.8,105.02,"16,732,020"
4/20/2023,104.65,106.89,104.64,105.9,"22,515,330"
4/21/2023,106.09,106.64,105.49,105.91,"22,379,020"
4/24/2023,106.05,107.32,105.36,106.78,"21,410,910"
4/25/2023,106.61,107.44,104.56,104.61,"31,408,119"
4/26/2023,105.56,107.02,103.27,104.45,"37,068,168"
4/27/2023,105.23,109.15,104.42,108.37,"38,235,219"
4/28/2023,107.8,108.29,106.04,108.22,"23,957,869"
5/1/2023,107.72,108.68,107.5,107.71,"20,926,260"
5/2/2023,107.66,107.73,104.5,105.98,"20,343,119"
5/3/2023,106.22,108.13,105.62,106.12,"17,116,330"
5/4/2023,106.16,106.3,104.7,105.21,"19,780,641"
5/5/2023,105.32,106.44,104.74,106.22,"20,710,631"
5/8/2023,105.8,108.42,105.79,108.24,"17,266,020"
5/9/2023,108.78,110.6,107.73,107.94,"24,782,439"
5/10/2023,108.55,113.51,108.48,112.28,"47,533,461"
5/11/2023,115.86,118.44,114.93,116.9,"57,115,078"
5/12/2023,117,118.26,116.55,117.92,"31,293,779"
5/15/2023,116.49,118.8,116.48,116.96,"22,107,869"
5/16/2023,116.83,121.2,116.83,120.09,"32,370,109"
5/17/2023,120.18,122.28,119.46,121.48,"26,659,561"
5/18/2023,121.56,123.9,121.49,123.52,"27,014,471"
5/19/2023,124.2,126.48,122.72,123.25,"30,268,859"
5/22/2023,123.51,127.05,123.45,125.87,"29,760,240"
5/23/2023,124.93,125.42,123.05,123.29,"24,477,949"
5/24/2023,121.88,122.75,120.75,121.64,"23,087,930"
5/25/2023,125.21,125.98,122.9,124.35,"33,812,727"
5/26/2023,124.07,126,123.29,125.43,"25,169,039"
5/30/2023,126.29,126.38,122.89,124.64,"27,230,730"
5/31/2023,123.7,124.9,123.1,123.37,"41,548,762"
6/1/2023,123.5,125.04,123.3,124.37,"25,017,670"
6/2/2023,124.49,126.75,124.35,125.23,"19,367,449"
6/5/2023,124.61,127.99,124.38,126.63,"22,672,520"
6/6/2023,126.6,128.88,125.97,127.91,"19,450,131"
6/7/2023,127.58,129.55,122.63,122.94,"34,179,352"
6/8/2023,122.59,123.73,122.01,122.67,"24,815,000"
6/9/2023,122.56,124.29,122.42,122.87,"20,313,680"
6/12/2023,123.4,124.75,122.35,124.35,"22,289,631"
6/13/2023,125.65,125.86,123.85,124.43,"19,287,650"
6/14/2023,123.8,124.79,122.16,124.38,"24,659,619"
6/15/2023,123.88,126.16,123.14,125.79,"24,517,070"
6/16/2023,126.7,126.7,123.79,124.06,"56,699,199"
6/20/2023,123.54,125.18,122.83,123.85,"22,698,029"
6/21/2023,123.24,123.41,120.86,121.26,"22,612,000"
6/22/2023,120.66,123.94,119.6,123.87,"20,781,891"
6/23/2023,122.04,123.44,121.86,123.02,"29,573,119"
6/26/2023,121.47,122.72,118.99,119.09,"23,184,961"
6/27/2023,117.84,119.9,116.91,119.01,"27,221,711"
6/28/2023,117.96,121.27,117.6,121.08,"19,753,150"
6/29/2023,120.09,120.91,119.21,120.01,"18,517,461"
6/30/2023,121.1,122.03,120.88,120.97,"23,871,760"
7/3/2023,120.32,121.02,119.71,120.56,"13,871,720"
7/5/2023,120.06,123.37,120.06,122.63,"17,830,350"
7/6/2023,120.64,121.15,119.25,120.93,"17,750,180"
7/7/2023,120.89,121.75,120.09,120.14,"20,997,670"
7/10/2023,119.07,119.07,116.64,116.87,"32,960,078"
7/11/2023,116.76,118.23,115.83,117.71,"18,286,570"
7/12/2023,119.3,120.96,119,119.62,"22,059,609"
7/13/2023,121.54,125.34,121.06,124.83,"31,535,850"
7/14/2023,125.13,127.09,124.9,125.7,"20,499,779"
7/17/2023,126.06,127.28,124.5,125.06,"20,675,301"
7/18/2023,124.91,124.99,123.3,124.08,"21,071,250"
7/19/2023,124.79,125.47,122.47,122.78,"22,313,801"
7/20/2023,122.12,124.7,118.69,119.53,"27,541,711"
7/21/2023,120.87,121.3,119.07,120.31,"56,514,648"
7/24/2023,121.93,123.35,121.38,121.88,"22,312,221"
7/25/2023,121.88,123.69,121.53,122.79,"31,820,850"
7/26/2023,130.36,131.37,128.71,129.66,"46,216,898"
7/27/2023,131.8,133.6,129.18,129.87,"35,931,609"
7/28/2023,130.97,134.07,130.92,133.01,"26,971,010"
7/31/2023,133.01,133.83,132.13,133.11,"18,381,891"
8/1/2023,130.86,132.92,130.75,131.89,"22,219,010"
8/2/2023,129.84,130.42,127.85,128.64,"22,705,779"
8/3/2023,128.37,129.77,127.78,128.77,"15,086,130"
8/4/2023,129.6,131.93,128.32,128.54,"20,521,850"
8/7/2023,129.51,132.06,129.43,131.94,"17,621,039"
8/8/2023,130.98,131.94,130.13,131.84,"16,835,949"
8/9/2023,132.19,132.47,129.51,130.15,"17,745,221"
8/10/2023,131.97,132.65,130.04,130.21,"17,855,680"
8/11/2023,129.2,130.44,128.75,130.17,"15,205,470"
8/14/2023,129.85,131.91,129.59,131.83,"17,526,199"
8/15/2023,131.59,131.99,129.82,130.27,"14,769,170"
8/16/2023,129.28,130.9,128.46,129.11,"17,548,359"
8/17/2023,130.45,132.49,129.85,130.46,"23,665,561"
8/18/2023,129.06,129.83,127,128.11,"23,627,199"
8/21/2023,127.85,129.26,127.16,128.93,"21,851,070"
8/22/2023,129.13,130.95,128.93,129.69,"15,569,370"
8/23/2023,130.85,134.07,130.51,133.21,"26,497,029"
8/24/2023,134.73,134.97,130.3,130.42,"18,680,381"
8/25/2023,130.14,131.4,128.04,130.69,"20,678,100"
8/28/2023,132.08,133.24,130.85,131.79,"16,715,471"
8/29/2023,133,137.3,132.98,135.49,"30,803,270"
8/30/2023,135.57,137.25,135.02,136.93,"21,773,359"
8/31/2023,137.05,138.4,136.82,137.35,"28,147,850"
9/1/2023,138.43,138.58,135.94,136.8,"16,671,650"
9/5/2023,136.44,137.37,135.56,136.71,"17,730,221"
9/6/2023,137.02,137.48,134.69,135.37,"15,814,330"
9/7/2023,134.6,136.58,133.96,136.2,"16,975,961"
9/8/2023,135.87,137.52,135.87,137.2,"17,820,010"
9/11/2023,137.38,138.26,136.55,137.74,"17,180,760"
9/12/2023,137.13,137.64,135.93,136.07,"15,212,930"
9/13/2023,135.9,137.7,134.93,137.5,"16,394,920"
9/14/2023,138.39,139.55,137.06,138.99,"19,064,609"
9/15/2023,138.8,139.36,137.18,138.3,"48,958,840"
9/18/2023,137.63,139.93,137.63,138.96,"16,233,590"
9/19/2023,138.25,139.18,137.5,138.83,"15,484,640"
9/20/2023,138.83,138.84,134.52,134.59,"21,473,529"
9/21/2023,132.39,133.19,131.09,131.36,"22,058,381"
9/22/2023,131.68,133.01,130.51,131.25,"17,355,279"
9/25/2023,130.77,132.22,130.03,132.17,"14,650,030"
9/26/2023,130.91,131.41,128.19,129.45,"20,378,789"
9/27/2023,129.44,131.72,129.38,131.46,"18,764,199"
9/28/2023,130.69,134.18,130.69,133.13,"18,201,391"
9/29/2023,134.08,134.89,131.32,131.85,"23,237,340"
10/2/2023,132.16,135.36,132.07,135.17,"19,210,391"
10/3/2023,134.93,135.24,132.82,133.3,"19,628,740"
10/4/2023,133.66,136.57,133.43,136.27,"22,847,990"
10/5/2023,136.13,136.5,134.46,135.99,"15,922,940"
10/6/2023,134.94,139.19,134.94,138.73,"20,826,680"
10/9/2023,137.99,139.97,136.7,139.5,"16,599,100"
10/10/2023,139.51,140.74,138.43,139.2,"19,554,920"
10/11/2023,139.85,142.22,139.84,141.7,"20,146,340"
10/12/2023,142.16,142.38,139.45,140.29,"18,173,109"
10/13/2023,140.65,141.34,137.97,138.58,"19,447,570"
10/16/2023,139.73,140.91,139.32,140.49,"17,345,561"
10/17/2023,140.03,141.25,138.53,140.99,"17,424,020"
10/18/2023,140.75,141.99,138.71,139.28,"18,304,869"
10/19/2023,139.8,141.01,138.6,138.98,"21,831,180"
10/20/2023,138.59,139.04,136.25,136.74,"24,970,260"
10/23/2023,136.23,139.02,135.11,137.9,"20,780,670"
10/24/2023,139.16,140.71,138.75,140.12,"26,535,199"
10/25/2023,129.77,130.1,126.09,126.67,"58,796,070"
10/26/2023,124.47,125.46,122.32,123.44,"33,907,359"
10/27/2023,124.03,124.44,121.46,123.4,"37,367,672"
10/30/2023,124.46,126.55,123.88,125.75,"24,165,631"
10/31/2023,126.27,126.56,123.93,125.3,"21,123,420"
11/1/2023,125.34,127.74,124.93,127.57,"26,536,600"
11/2/2023,129.56,130.09,128.11,128.58,"24,091,670"
11/3/2023,129.09,130.73,129.01,130.37,"19,529,449"
11/6/2023,130.22,131.56,129.93,131.45,"15,360,360"
11/7/2023,131.98,133.28,131.14,132.4,"19,223,789"
11/8/2023,132.36,133.54,132.16,133.26,"15,093,600"
11/9/2023,133.36,133.96,131.51,131.69,"17,976,529"
11/10/2023,131.53,134.27,130.87,134.06,"20,879,840"
11/13/2023,133.36,134.11,132.77,133.64,"16,409,859"
11/14/2023,135.65,137.24,135.1,135.43,"22,317,350"
11/15/2023,136.64,136.84,135.33,136.38,"15,840,880"
11/16/2023,136.96,138.88,136.08,138.7,"17,615,070"
11/17/2023,137.82,138,135.48,136.94,"25,590,189"
11/20/2023,135.5,138.43,135.49,137.92,"19,589,010"
11/21/2023,137.94,138.97,137.71,138.62,"17,648,070"
11/22/2023,139.1,141.1,139,140.02,"17,310,211"
11/24/2023,139.54,139.68,137.47,138.22,"8,828,640"
11/27/2023,137.57,139.63,137.54,138.05,"17,886,391"
11/28/2023,137.63,138.66,137.04,138.62,"17,046,869"
11/29/2023,138.99,139.67,136.3,136.4,"21,014,721"
11/30/2023,136.4,136.96,132.79,133.92,"29,913,529"
12/1/2023,133.32,133.5,132.15,133.32,"24,267,990"
12/4/2023,131.29,131.45,129.4,130.63,"24,117,080"
12/5/2023,130.37,133.54,129.73,132.39,"19,235,150"
12/6/2023,132.9,133.31,131.31,131.43,"16,360,650"
12/7/2023,136.6,140,136.23,138.45,"38,419,434"
12/8/2023,135.66,137.99,135.57,136.64,"23,016,141"
12/11/2023,133.82,134.79,132.89,134.7,"24,502,859"
12/12/2023,133.27,134.54,132.83,133.64,"26,583,980"
12/13/2023,134.55,134.78,132.95,133.97,"25,414,461"
12/14/2023,134.77,135.04,131.06,133.2,"29,619,100"
12/15/2023,132.92,134.83,132.63,133.84,"58,594,000"
12/18/2023,133.86,138.38,133.77,137.19,"25,699,770"
12/19/2023,138,138.77,137.45,138.1,"20,661,000"
12/20/2023,140.33,143.08,139.41,139.66,"33,507,340"
12/21/2023,140.77,142.03,140.47,141.8,"18,101,480"
12/22/2023,142.13,143.25,142.06,142.72,"18,513,520"
12/26/2023,142.98,143.95,142.5,142.82,"11,170,070"
12/27/2023,142.83,143.32,141.05,141.44,"17,288,359"
12/28/2023,141.85,142.27,140.83,141.28,"12,192,550"
12/29/2023,140.68,141.44,139.9,140.93,"14,880,960"
1/2/2024,139.6,140.61,137.74,139.56,"20,071,891"
1/3/2024,138.6,141.09,138.43,140.36,"18,974,311"
1/4/2024,139.85,140.64,138.01,138.04,"18,253,330"
1/5/2024,138.35,138.81,136.85,137.39,"15,439,480"
1/8/2024,138,140.64,137.88,140.53,"17,645,289"
1/9/2024,140.06,142.8,139.79,142.56,"19,579,670"
1/10/2024,142.52,144.53,142.46,143.8,"16,641,881"
1/11/2024,144.9,146.66,142.22,143.67,"17,471,131"
1/12/2024,144.34,144.74,143.36,144.24,"13,998,730"
1/16/2024,143.43,145.84,143.06,144.08,"19,198,939"
1/17/2024,142.91,143.41,140.51,142.89,"17,884,551"
1/18/2024,143.44,145.59,143.35,144.99,"18,876,801"
1/19/2024,146.31,148.04,145.8,147.97,"27,181,029"
1/22/2024,148.71,150.02,147.58,147.71,"21,829,230"
1/23/2024,147.72,148.86,147.19,148.68,"14,113,650"
1/24/2024,150.29,151.57,149.84,150.35,"19,245,029"
1/25/2024,151.74,154.76,151.22,153.64,"21,495,119"
1/26/2024,152.87,154.11,152.8,153.79,"19,494,490"
1/29/2024,153.64,155.2,152.92,154.84,"20,909,260"
1/30/2024,154.01,155.04,152.78,153.05,"26,578,930"
1/31/2024,145.39,145.59,141.55,141.8,"43,908,578"
2/1/2024,143.69,144.62,142.26,142.71,"25,526,859"
2/2/2024,140.89,143.88,138.17,143.54,"42,136,129"
2/5/2024,144.04,146.67,143.91,144.93,"29,254,439"
2/6/2024,145.96,146.74,144.52,145.41,"21,517,660"
2/7/2024,146.12,147,145.21,146.68,"21,436,131"
2/8/2024,146.97,147.61,146.42,147.22,"18,241,320"
2/9/2024,147.95,150.7,147.43,150.22,"21,877,689"
2/12/2024,149.54,150.59,148.56,148.73,"17,236,109"
2/13/2024,146.07,148.04,145.11,146.37,"18,138,480"
2/14/2024,147.37,147.83,145.56,147.14,"16,651,820"
2/15/2024,144.46,144.76,141.88,143.94,"26,724,311"
2/16/2024,144.21,144.48,141.52,141.76,"21,865,119"
2/20/2024,140.94,143.33,140.8,142.2,"18,625,590"
2/21/2024,142.64,143.98,141.91,143.84,"16,499,580"
2/22/2024,146.12,146.2,144.01,145.32,"23,024,711"
2/23/2024,144.97,145.96,144.79,145.29,"14,519,430"
2/26/2024,143.45,143.84,138.74,138.75,"33,513,012"
2/27/2024,139.41,140.49,138.5,140.1,"22,363,980"
2/28/2024,139.1,139.28,136.64,137.43,"30,628,699"
2/29/2024,138.35,139.95,137.57,139.78,"35,485,008"
3/1/2024,139.61,140,137.98,138.08,"28,551,529"
3/4/2024,136.54,136.63,132.86,134.2,"43,571,512"
3/5/2024,132.74,134.02,131.55,133.78,"28,447,551"
3/6/2024,134.24,134.74,131.95,132.56,"23,175,199"
3/7/2024,133.89,135.82,132.66,135.24,"24,107,279"
3/8/2024,135.04,138.99,134.8,136.29,"26,495,160"
3/11/2024,137.07,139.98,137.07,138.94,"22,536,369"
3/12/2024,138.25,140.28,138.21,139.62,"19,019,699"
3/13/2024,140.06,142.19,140.01,140.77,"19,637,000"
3/14/2024,142.3,144.73,141.49,144.34,"36,117,910"
3/15/2024,143.41,144.34,141.13,142.17,"41,039,488"
3/18/2024,149.37,152.93,148.14,148.48,"47,676,688"
3/19/2024,148.98,149.62,147.01,147.92,"17,748,369"
3/20/2024,148.79,149.76,147.67,149.68,"17,730,000"
3/21/2024,150.32,151.31,148.01,148.74,"19,843,920"
3/22/2024,150.24,152.56,150.09,151.77,"19,252,930"
3/25/2024,150.95,151.46,148.8,151.15,"15,114,730"
3/26/2024,151.24,153.2,151.03,151.7,"19,312,689"
3/27/2024,152.15,152.69,150.13,151.94,"16,621,961"
3/28/2024,152,152.67,151.33,152.26,"21,105,631"
4/1/2024,151.83,157,151.65,156.5,"24,469,820"
4/2/2024,154.75,155.99,153.46,155.87,"17,598,061"
4/3/2024,154.92,156.55,154.13,156.37,"17,266,180"
4/4/2024,155.08,156.18,151.88,151.94,"24,184,840"
4/5/2024,151.68,154.84,151.08,153.94,"16,297,320"
4/8/2024,154.02,156.66,153.99,156.14,"16,641,529"
4/9/2024,157.35,159.89,156.64,158.14,"21,538,141"
4/10/2024,157.88,158.16,156.2,157.66,"16,339,170"
4/11/2024,158.34,161.12,157.93,160.79,"17,841,699"
4/12/2024,159.41,161.7,158.6,159.19,"16,989,770"
4/15/2024,160.28,160.83,156.15,156.33,"21,140,949"
4/16/2024,155.64,157.23,155.05,156,"15,413,200"
4/17/2024,157.19,158.68,156.14,156.88,"16,237,750"
4/18/2024,156.93,158.49,156.21,157.46,"14,016,070"
4/19/2024,157.75,157.99,153.91,155.72,"21,479,881"
4/22/2024,156.01,159.19,155.66,157.95,"17,243,869"
4/23/2024,158.59,160.48,157.97,159.92,"16,115,410"
4/24/2024,159.09,161.39,158.82,161.1,"19,485,689"
4/25/2024,153.36,158.28,152.77,157.95,"36,197,793"
4/26/2024,175.99,176.42,171.4,173.69,"56,500,793"
4/29/2024,170.77,171.38,167.06,167.9,"35,914,559"
4/30/2024,167.38,169.87,164.5,164.64,"29,420,760"
5/1/2024,166.18,168.81,164.9,165.57,"25,223,250"
5/2/2024,166.67,168.53,165.69,168.46,"17,041,119"
5/3/2024,169.54,169.85,164.98,168.99,"22,767,061"
5/6/2024,169.22,169.9,167.89,169.83,"15,147,910"
5/7/2024,170.12,173.47,170,172.98,"21,102,430"
5/8/2024,170.75,171.91,170.52,171.16,"14,569,860"
5/9/2024,171.15,172.44,169.93,171.58,"11,937,700"
5/10/2024,169.69,171.34,167.91,170.29,"18,740,461"
5/13/2024,165.85,170.95,165.76,170.9,"19,648,590"
5/14/2024,171.59,172.78,170.42,171.93,"18,729,461"
5/15/2024,172.3,174.05,172.03,173.88,"20,958,250"
5/16/2024,174.6,176.34,174.05,175.43,"17,247,311"
5/17/2024,175.55,177.5,174.98,177.29,"16,546,350"
5/20/2024,177.31,179.95,177.23,178.46,"17,495,119"
5/21/2024,178.4,179.82,177.31,179.54,"14,706,020"
5/22/2024,178.4,178.85,176.78,178,"16,189,400"
5/23/2024,178.78,179.91,174.54,175.06,"14,928,360"
5/24/2024,176.52,177.3,175.2,176.33,"11,403,560"
5/28/2024,175.74,178.51,175.68,178.02,"15,655,340"
5/29/2024,176.81,178.23,176.26,177.4,"15,023,850"
5/30/2024,176.69,176.69,173.23,173.56,"18,844,039"
5/31/2024,173.4,174.42,170.97,173.96,"28,085,150"
6/3/2024,173.88,175.86,172.45,174.42,"20,742,801"
6/4/2024,174.45,175.19,173.22,175.13,"14,066,600"
6/5/2024,176.54,177.97,175.29,177.07,"15,233,860"
6/6/2024,177.43,178.71,177.21,178.35,"14,255,820"
6/7/2024,178.46,179.42,175.79,175.95,"14,716,270"
6/10/2024,176.45,178.47,174.38,176.63,"17,122,250"
6/11/2024,177.72,178.39,175.44,178.19,"14,402,400"
6/12/2024,179.75,182.08,177.78,179.56,"18,600,420"
6/13/2024,177.84,178.51,176.66,176.74,"15,956,940"
6/14/2024,175.85,178.73,175.85,178.37,"12,361,570"
6/17/2024,176.98,179.92,176.49,178.78,"15,272,860"
6/18/2024,178.79,178.91,175.62,176.45,"15,640,260"
6/20/2024,176.71,178.74,176.46,177.71,"16,753,170"
6/21/2024,178.49,182.51,178.06,180.26,"59,728,020"
6/24/2024,181.28,182.08,180.23,180.79,"18,198,279"
6/25/2024,181.15,185.75,181.11,185.58,"18,917,730"
6/26/2024,184.2,185.93,183.99,185.37,"13,375,720"
6/27/2024,185.65,187.5,185.45,186.86,"13,025,660"
6/28/2024,185.72,186.58,183.33,183.42,"23,032,359"
7/1/2024,184.48,185.34,182.73,184.49,"11,815,860"
7/2/2024,183.47,186.95,183.06,186.61,"12,555,550"
7/3/2024,186.3,187.62,185.39,187.39,"7,409,106"
7/5/2024,187.32,192.26,187.32,191.96,"14,303,360"
7/8/2024,191.37,191.68,189.32,190.48,"12,097,610"
7/9/2024,191.75,192.86,190.23,190.44,"10,224,930"
7/10/2024,190.75,193.31,190.62,192.66,"12,052,910"
7/11/2024,191.34,192.41,186.82,187.3,"16,451,980"
7/12/2024,186.92,188.69,186.14,186.78,"14,449,110"
7/15/2024,186.49,189.9,186.49,188.19,"12,186,020"
7/16/2024,188.96,190.34,185.12,185.5,"12,760,100"
7/17/2024,184.68,185.23,181.62,182.62,"17,376,561"
7/18/2024,183.54,184.05,178.21,179.22,"17,877,199"
7/19/2024,180.37,181.97,178.86,179.39,"14,485,900"
7/22/2024,182.35,184.3,181.9,183.35,"16,303,900"
7/23/2024,183.84,185.22,183.33,183.6,"23,772,600"
7/24/2024,175.39,177.95,173.57,174.37,"31,250,680"
7/25/2024,174.25,175.2,169.05,169.16,"28,967,881"
7/26/2024,168.77,169.84,165.87,168.68,"25,150,119"
7/29/2024,170.5,172.16,169.72,171.13,"13,768,930"
7/30/2024,171.83,172.95,170.12,171.86,"13,681,420"
7/31/2024,174.92,175.91,171.72,173.15,"15,650,150"
8/1/2024,171.98,175.68,170.51,172.45,"17,177,830"
8/2/2024,168.19,170.21,166.39,168.4,"18,907,770"
8/5/2024,157.37,165.94,156.6,160.64,"34,907,820"
8/6/2024,160.95,162.35,158.13,160.54,"36,146,539"
8/7/2024,163.24,164.79,160.24,160.75,"19,334,250"
8/8/2024,162.34,165.5,162.03,163.84,"15,733,610"
8/9/2024,161.65,165.52,160.93,165.39,"13,549,230"
8/12/2024,166,166.7,163.55,163.95,"12,434,970"
8/13/2024,165.19,166.54,164.77,165.93,"12,717,630"
8/14/2024,164.21,164.96,159.53,162.03,"22,515,900"
8/15/2024,162.21,163.52,161.49,163.17,"18,392,449"
8/16/2024,163.41,166.95,163.08,164.74,"16,853,141"
8/19/2024,167,168.47,166.09,168.4,"13,100,760"
8/20/2024,168.74,170.41,168.66,168.96,"12,622,520"
8/21/2024,166.99,168.64,166.57,167.63,"15,269,550"
8/22/2024,169.04,169.42,165.03,165.49,"19,123,779"
8/23/2024,166.55,167.95,165.66,167.43,"14,281,620"
8/26/2024,168.16,169.38,166.32,167.93,"11,990,310"
8/27/2024,167.61,168.25,166.16,166.38,"13,718,160"
8/28/2024,166.78,167.39,163.28,164.5,"15,208,740"
8/29/2024,166.06,167.63,161.98,163.4,"17,133,830"
8/30/2024,164.22,165.28,163.41,165.11,"18,498,779"
9/3/2024,163.32,163.38,157.86,158.61,"26,514,700"
9/4/2024,158.08,160.4,157.44,157.81,"17,410,650"
9/5/2024,157.78,161.02,157.52,158.6,"14,139,500"
9/6/2024,158.69,159.22,151.94,152.13,"24,999,061"
9/9/2024,153.63,154.64,148.2,149.54,"28,057,750"
9/10/2024,151.45,152.3,149.54,150.01,"20,401,770"
9/11/2024,151.09,152.48,148.7,152.15,"18,991,490"
9/12/2024,154.81,155.61,153.5,155.54,"21,024,061"
9/13/2024,156.36,159.28,156.11,158.37,"16,733,910"
9/16/2024,158.33,159.24,157.61,158.99,"14,157,610"
9/17/2024,160.09,161.59,159.41,160.28,"12,064,790"
9/18/2024,160.85,161.63,159.66,160.81,"16,756,449"
9/19/2024,164.82,164.99,162.52,163.24,"17,548,189"
9/20/2024,164.52,164.75,163.18,164.64,"46,362,672"
9/23/2024,165.34,166.61,162.95,163.07,"15,648,450"
9/24/2024,164.25,164.55,162.03,163.64,"18,774,061"
9/25/2024,162.97,164.22,162.78,162.99,"13,607,890"
9/26/2024,165.03,165.5,163.5,163.83,"18,234,500"
9/27/2024,163.91,166.97,163.83,165.29,"13,604,260"
9/30/2024,164.78,167.36,164.64,167.19,"14,083,450"
10/1/2024,168.86,170.44,165.9,168.42,"18,629,510"
10/2/2024,167.76,168.88,166.25,167.31,"12,744,980"
10/3/2024,165.82,167.91,165.37,167.21,"11,004,330"
10/4/2024,169.34,169.55,166.96,168.56,"11,435,320"
10/7/2024,169.14,169.9,164.13,164.39,"14,034,720"
10/8/2024,165.43,166.1,164.31,165.7,"11,723,890"
10/9/2024,164.86,166.26,161.12,163.06,"19,666,410"
10/10/2024,162.11,164.31,161.64,163.18,"12,900,490"
10/11/2024,163.33,165.27,162.5,164.52,"10,945,970"
10/14/2024,164.91,167.62,164.78,166.35,"9,981,765"
10/15/2024,167.14,169.09,166.05,166.9,"14,829,340"
10/16/2024,166.03,167.28,165.22,166.74,"9,968,474"
10/17/2024,167.38,167.93,164.37,164.51,"15,113,360"
10/18/2024,164.87,166.37,164.75,165.05,"13,091,270"
10/21/2024,164.58,166.22,164.31,165.8,"11,384,050"
10/22/2024,164.7,167.47,164.67,166.82,"11,958,620"
10/23/2024,166.43,167.6,163.63,164.48,"12,754,280"
10/24/2024,164.59,165.05,162.77,164.53,"12,764,430"
10/25/2024,165.37,167.4,165.23,166.99,"14,566,410"
10/28/2024,170.59,170.61,165.79,168.34,"20,858,250"
10/29/2024,169.39,171.86,168.66,171.14,"28,916,109"
10/30/2024,182.41,183.79,175.75,176.14,"49,698,312"
10/31/2024,174.72,178.42,172.56,172.69,"32,801,898"
11/1/2024,171.54,173.82,170.31,172.65,"21,752,859"
11/4/2024,171.24,171.92,169.49,170.68,"16,193,990"
11/5/2024,170.83,172.1,170.37,171.41,"12,518,280"
11/6/2024,175.35,178.64,175.04,178.33,"27,061,510"
11/7/2024,179.11,182.58,178.89,182.28,"16,730,410"
11/8/2024,182,182.35,179.57,179.86,"15,021,550"
11/11/2024,180.07,182.09,179.99,181.97,"12,503,420"
11/12/2024,181.38,184.03,180.99,183.32,"14,065,850"
11/13/2024,182.15,182.62,180.12,180.49,"13,969,710"
11/14/2024,179.75,180.45,176.03,177.35,"17,925,760"
11/15/2024,175.64,175.88,172.75,173.89,"21,708,869"
11/18/2024,174.96,176.91,174.42,176.8,"18,725,420"
11/19/2024,175.24,180.17,175.12,179.58,"15,392,870"
11/20/2024,178.83,179.11,175.33,177.33,"15,729,810"
11/21/2024,175.46,175.58,165.31,169.24,"38,839,434"
11/22/2024,167.16,168.26,165.71,166.57,"24,497,039"
11/25/2024,167.99,170.46,167.4,169.43,"21,395,650"
11/26/2024,169.49,171.5,169.43,170.62,"14,937,480"
11/27/2024,170.68,171.14,169.67,170.82,"12,433,370"
11/29/2024,170.06,170.87,168.75,170.49,"9,250,712"
12/2/2024,170.32,173.6,170.27,172.98,"16,593,439"
12/3/2024,173.12,174.32,172.51,173.02,"15,721,480"
12/4/2024,172.78,176.43,172.75,176.09,"18,239,840"
12/5/2024,177.32,177.71,174.01,174.31,"16,145,520"
12/6/2024,173.88,176.84,173.55,176.49,"13,319,550"
12/9/2024,175.72,178.04,175.4,177.1,"19,887,789"
12/10/2024,184.54,188.03,182.67,186.53,"34,317,441"
12/11/2024,186.7,196.89,186.26,196.71,"41,664,488"
12/12/2024,196.3,196.71,193.28,193.63,"25,197,760"
12/13/2024,192.71,194.34,191.26,191.38,"18,883,221"
12/16/2024,194.37,200.64,194.11,198.16,"32,248,641"
12/17/2024,198.53,202.88,196.69,197.12,"24,129,480"
12/18/2024,196.83,198.69,189.28,190.15,"27,638,420"
12/19/2024,193.28,194.6,189.52,189.7,"26,981,199"
12/20/2024,187.01,194.14,186.37,192.96,"45,319,699"
12/23/2024,194.03,196.49,191.63,195.99,"15,235,940"
12/24/2024,196.17,197.67,195.2,197.57,"6,809,823"
12/26/2024,196.74,198.16,195.87,197.1,"7,918,434"
12/27/2024,196.47,196.8,191.97,194.04,"14,692,990"
12/30/2024,190.87,193.78,190.36,192.69,"12,209,530"
12/31/2024,192.45,193.25,189.58,190.44,"14,355,220"
1/2/2025,191.49,193.2,188.71,190.63,"17,545,160"
1/3/2025,192.73,194.5,191.35,193.13,"12,874,960"
1/6/2025,195.15,199.56,195.06,197.96,"19,483,320"
1/7/2025,198.27,202.14,195.94,196.71,"16,966,760"
1/8/2025,193.95,197.64,193.75,195.39,"14,335,340"
1/10/2025,195.42,197.62,191.6,193.17,"20,753,789"
1/13/2025,191.35,192.49,188.66,192.29,"13,169,060"
1/14/2025,192.5,193.27,189.64,191.05,"13,651,180"
1/15/2025,194.35,197.8,193.33,196.98,"12,894,880"
1/16/2025,195.83,196.98,194.3,194.41,"13,449,580"
1/17/2025,198.05,198.81,195.31,197.55,"22,109,131"
1/21/2025,200.51,203.84,199.44,199.63,"19,005,230"
1/22/2025,200.55,202.12,199.2,200.03,"15,477,380"
1/23/2025,199.98,201.94,196.82,199.58,"15,170,840"
1/24/2025,199.85,202.57,199.78,201.9,"12,732,380"
1/27/2025,194.19,198.67,192.7,193.77,"24,970,170"
1/28/2025,194.65,197.23,192.61,197.07,"15,939,160"
1/29/2025,197.37,198.46,195.19,197.18,"12,287,820"
1/30/2025,199.76,203.24,199.47,202.63,"14,571,480"
1/31/2025,203.72,207.08,203.58,205.6,"17,087,340"
2/3/2025,202.22,205.22,201.66,202.64,"16,719,471"
2/4/2025,204.5,208.7,204.26,207.71,"28,285,439"
2/5/2025,193.1,194.55,189.91,193.3,"43,719,594"
2/6/2025,190.99,193.83,190.49,193.31,"20,816,590"
2/7/2025,192.74,193.02,185.1,187.14,"29,565,721"
2/10/2025,189.06,189.99,187.61,188.2,"16,606,020"
2/11/2025,186.84,188.8,186.08,187.07,"13,028,100"
2/12/2025,185.23,186.83,183.63,185.43,"17,632,311"
2/13/2025,185.93,187.99,184.88,187.88,"12,729,330"
2/14/2025,186.83,188.15,186.11,186.87,"12,714,150"
2/18/2025,187.44,187.78,183.58,185.8,"19,796,029"
2/19/2025,186.19,187.36,185.5,187.13,"13,120,470"
2/20/2025,186.5,187.12,184.6,186.64,"12,063,810"
2/21/2025,187.29,187.47,181.13,181.58,"19,520,779"
2/24/2025,183.8,185.09,180.88,181.19,"18,734,010"
2/25/2025,180.16,180.76,176.77,177.37,"20,832,490"
2/26/2025,176.95,178.08,173.59,174.7,"23,693,250"
2/27/2025,175.94,176.59,169.75,170.21,"25,930,529"
2/28/2025,170.3,172.5,168.39,172.22,"30,049,811"
3/3/2025,173.73,175,167.64,168.66,"24,121,990"
3/4/2025,167.94,175.17,167.54,172.61,"30,711,410"
3/5/2025,172.32,175.75,170.93,174.99,"18,848,039"
3/6/2025,172.55,176.73,172.51,174.21,"19,082,400"
3/7/2025,173.24,176.9,172.25,175.75,"16,395,289"
3/10/2025,170.16,170.45,165.57,167.81,"28,990,721"
3/11/2025,166.68,168.66,163.24,165.98,"23,705,900"
3/12/2025,168.47,169.53,165.48,169,"19,880,061"
3/13/2025,167.98,168.12,164.07,164.73,"15,206,170"
3/14/2025,165.32,168.25,164.51,167.62,"18,611,090"
3/17/2025,167.33,168.46,165.81,166.57,"17,839,141"
3/18/2025,165.96,166.44,158.8,162.67,"24,616,779"
3/19/2025,163.92,168.13,163.05,166.28,"24,955,721"
3/20/2025,163.83,167.03,163.14,165.05,"19,981,510"
3/21/2025,163.38,166.47,163.03,166.25,"29,882,061"
3/24/2025,169.27,170.5,167.44,169.93,"18,742,850"
3/25/2025,171.18,172.91,170.55,172.79,"13,841,590"
3/26/2025,171.3,171.94,166.86,167.14,"22,554,240"
3/27/2025,166.71,167.44,163.85,164.08,"21,571,170"
3/28/2025,162.36,163.81,155.34,156.06,"34,866,461"
3/31/2025,154.81,157.13,152.21,156.23,"33,591,551"
4/1/2025,155.3,160.08,155.26,158.88,"20,111,381"
4/2/2025,156.96,160.28,156.53,158.86,"17,113,320"
4/3/2025,152.84,154.69,152.18,152.63,"28,416,070"
4/4/2025,149.9,153.09,147.54,147.74,"39,832,207"
4/7/2025,143.39,154.93,142.66,149.24,"47,823,020"
4/8/2025,153.58,154.44,145.21,146.58,"35,304,391"
4/9/2025,146.33,161.87,145.81,161.06,"46,479,539"
4/10/2025,158.76,160.03,152.2,155.37,"35,270,539"
4/11/2025,155.59,159.86,155.59,159.4,"22,581,990"
4/14/2025,162.31,164.03,159.92,161.47,"18,255,930"
4/15/2025,161.57,162.05,157.65,158.68,"15,690,780"
4/16/2025,155.47,158.18,153.91,155.5,"16,921,500"
4/17/2025,156.61,157.07,150.9,153.36,"19,513,410"
4/21/2025,150.97,151.06,148.4,149.86,"16,147,780"
4/22/2025,151.07,154.61,150.87,153.9,"15,910,330"
4/23/2025,157.91,160.02,156.35,157.72,"18,575,740"
4/24/2025,158.53,161.71,158.09,161.47,"30,787,480"
4/25/2025,167.1,168.24,163,163.85,"35,148,047"
4/28/2025,164.26,164.95,160.38,162.42,"20,871,150"
4/29/2025,162.05,162.68,159.39,162.06,"15,955,220"
4/30/2025,159.86,161.37,157.16,160.89,"20,639,520"
5/1/2025,162.52,163.94,160.93,162.79,"21,904,289"
5/2/2025,164.96,166.7,163.66,165.81,"16,844,939"
5/5/2025,164.52,167.1,164.47,166.05,"15,309,340"
5/6/2025,163.96,166.74,163.13,165.2,"10,691,950"
5/7/2025,166.07,166.99,149.49,152.8,"78,900,430"
5/8/2025,155.92,157.41,154.1,155.75,"38,387,512"
5/9/2025,155.55,156.43,153.83,154.38,"22,871,039"
5/12/2025,159.1,160.44,157.89,159.58,"31,884,900"
5/13/2025,159.92,162.06,157.58,160.89,"24,944,270"
5/14/2025,161.31,168.34,160.93,166.81,"31,769,211"
5/15/2025,167.14,167.51,163.84,165.4,"22,717,551"
5/16/2025,168.93,170.65,166.95,167.43,"36,271,379"
5/19/2025,165.72,167.95,165.42,167.87,"21,374,689"
5/20/2025,167.76,169.68,164.26,165.32,"33,563,273"
5/21/2025,164.95,174.53,164.89,170.06,"45,567,578"
5/22/2025,173.35,178.13,171.88,171.98,"45,024,078"
5/23/2025,170.28,171.21,169.26,169.59,"24,963,650"
5/27/2025,171.3,174.29,171.21,173.98,"24,341,330"
5/28/2025,173.98,176.48,173.01,173.38,"25,999,230"
5/29/2025,175,175.4,171.78,172.96,"21,233,590"
5/30/2025,172.41,173.44,168.53,172.85,"36,258,246"
6/2/2025,169.01,171.06,168.65,170.37,"24,742,881"
6/3/2025,168.87,169.8,166.68,167.71,"25,386,711"
6/4/2025,168.28,169.58,167.8,169.39,"18,508,740"
6/5/2025,171.62,172.36,169.35,169.81,"25,422,881"
6/6/2025,172.3,175.83,172.3,174.92,"22,258,119"
6/9/2025,175.87,177.92,175.66,177.63,"18,817,590"
6/10/2025,177.76,182.45,176.48,180.01,"32,908,000"
6/11/2025,181.23,181.75,178,178.79,"18,994,400"
6/12/2025,177.48,178.13,176.11,176.97,"17,345,920"
6/13/2025,173.58,178.34,173.57,175.88,"20,873,240"
6/16/2025,175.91,178.25,175.82,177.94,"18,132,529"
6/17/2025,177,178.72,175.94,177.23,"17,656,119"
6/18/2025,177.28,177.82,172.84,173.98,"32,531,760"
6/20/2025,174.87,175.37,166.27,167.73,"55,402,578"
6/23/2025,167.32,168.48,163.33,166.01,"36,975,594"
6/24/2025,167.69,169.25,166.91,167.74,"27,310,270"
6/25/2025,168.65,173.36,168.56,171.49,"23,627,359"
6/26/2025,173.39,174.65,170.86,174.43,"25,909,119"
6/27/2025,174.63,178.84,172.71,178.27,"74,053,109"
6/30/2025,180.79,181.58,175.5,177.39,"43,964,602"
7/1/2025,176.81,177.22,174.66,176.91,"25,778,461"
7/2/2025,176.55,179.94,176.09,179.76,"19,325,859"
7/3/2025,179.82,180.77,178.19,180.55,"13,287,390"
7/7/2025,180.14,180.34,176.64,177.56,"20,991,359"
7/8/2025,178.78,178.79,173.92,175.16,"24,108,641"
7/9/2025,176.11,180.28,173.88,177.66,"31,288,039"
7/10/2025,176.67,179.59,175.74,178.7,"24,693,711"
7/11/2025,177.91,182.61,177.54,181.31,"23,975,711"
7/14/2025,182.07,184.73,180.71,182.81,"20,990,350"
7/15/2025,183.94,185.41,182.39,183.1,"23,911,570"
7/16/2025,184.32,185.34,183.08,183.77,"21,152,561"
7/17/2025,183.12,185.19,181.5,184.7,"21,654,369"
7/18/2025,186.62,187.36,184.73,185.94,"21,033,400"
7/21/2025,187.1,191.26,187.05,191.15,"24,664,990"
7/22/2025,192.42,193.36,188.5,192.11,"26,212,910"
7/23/2025,192.36,193.36,190.18,191.51,"34,068,129"
7/24/2025,198.11,198.97,191.95,193.2,"45,252,059"
7/25/2025,192.93,195.28,192.13,194.08,"31,101,850"
7/28/2025,194.41,194.82,191.86,193.42,"25,553,551"
7/29/2025,193.3,196.66,192.99,196.43,"31,891,600"
7/30/2025,196.3,198.48,195.56,197.44,"21,150,520"
7/31/2025,196.6,196.83,192.08,192.86,"27,852,020"
8/1/2025,189.78,191.62,188.7,189.95,"21,236,711"
8/4/2025,191.18,196.08,190.92,195.75,"23,385,949"
8/5/2025,195.55,198.7,194.68,195.32,"19,010,150"
8/6/2025,195.25,197.38,194.47,196.92,"15,383,680"
8/7/2025,197.71,198.37,195.22,197.28,"14,660,550"
8/8/2025,197.98,203.43,197.9,202.09,"24,379,910"
8/11/2025,201.56,202.16,199.8,201.63,"16,690,240"
8/12/2025,202.1,205.13,201.4,204.16,"19,872,000"
8/13/2025,204.98,205.43,198.64,203.03,"19,573,039"
8/14/2025,202.56,205.42,202.32,203.82,"17,777,150"
8/15/2025,204.72,207.33,202.09,204.91,"21,111,381"
8/18/2025,205.07,206.14,203.41,204.29,"13,000,160"
8/19/2025,203.91,204.29,200.93,202.49,"13,476,580"
8/20/2025,201.68,202.17,197.46,200.19,"13,971,690"
8/21/2025,200.72,203.36,200.4,200.62,"11,768,910"
8/22/2025,203.96,209.23,202.13,206.72,"25,723,730"
8/25/2025,207,211.09,205.95,209.16,"22,788,811"
8/26/2025,208.37,208.46,206.45,207.95,"23,050,971"
8/27/2025,206.46,209.57,206.39,208.21,"15,248,980"
8/28/2025,207.84,212.9,207.6,212.37,"20,915,711"
8/29/2025,211.27,215.34,210.97,213.53,"24,682,221"
9/2/2025,208.99,212.37,206.96,211.99,"28,900,070"
9/3/2025,226.48,231.8,225.12,231.1,"72,250,273"
9/4/2025,230.16,232.77,226.76,232.66,"32,196,010"
9/5/2025,232.66,236.13,232.38,235.17,"26,127,740"
9/8/2025,235.79,238.4,233.73,234.16,"23,128,801"
9/9/2025,234.19,240.59,233.38,239.94,"22,854,789"
9/10/2025,239.25,242.08,238.11,239.56,"19,990,141"
9/11/2025,240.14,242.57,236.58,240.78,"21,308,609"
9/12/2025,240.8,242.42,238.5,241.38,"14,536,590"
9/15/2025,245.14,252.75,244.98,251.76,"29,935,150"
9/16/2025,252.33,253.23,249.72,251.42,"24,493,510"
9/17/2025,251.46,251.95,246.58,249.85,"20,491,320"
9/18/2025,251.86,254.14,250.11,252.33,"21,166,359"
9/19/2025,253.4,256.7,252.07,255.24,"41,616,840"
9/22/2025,254.78,256.31,250.81,252.88,"20,078,980"
9/23/2025,253.66,254.77,251.09,252.34,"17,521,090"
9/24/2025,252.15,252.96,247.22,247.83,"16,958,510"
9/25/2025,244.84,247.32,241.65,246.57,"17,379,789"
9/26/2025,247.79,250.12,246.64,247.18,"16,594,609"
9/29/2025,248.28,251.65,243.2,244.36,"23,157,250"
9/30/2025,243.06,243.68,239.57,243.55,"22,541,189"
10/1/2025,241.18,247.15,239.2,245.54,"23,967,660"
10/2/2025,245.64,247.64,243.11,246.43,"20,657,520"
10/3/2025,245.23,247.12,242.47,246.45,"19,941,381"
10/6/2025,245.78,252.2,245.69,251.51,"18,309,029"
10/7/2025,248.93,251.55,246.81,247.13,"13,811,170"
10/8/2025,246.2,247.26,245.09,245.46,"14,136,490"
10/9/2025,245.06,245.56,239.68,242.21,"19,375,721"
,,,,,
,,,,,
